{
	"_comment": "https://www.spec.org/power_ssj2008/results/res2015q2/power_ssj2008-20150512-00693.txt",
	"server_name": "Fujitsu_Server_PRIMERGY_RX1330_M1",
	"server_alias": "RX1330M1",
	"processor_name": "Intel Xeon E3-1275Lv3",
	"chips": 1,
	"hardware_cores": 4,
	"hardware_threads": 8,
	"cpu_speed": 2700.0,
	"ram": 16.0,
	"network_speed": 1000.0,
	"cpu_arch": 64,
	"overall_perf_to_power": 6916.0,
	"actual_load": [0, 9.9, 19.9, 30.1, 39.9, 49.7, 60.0, 70.3, 79.9, 91.2, 100.0],
	"ssj_ops": [0, 50447, 101051, 153152, 202718, 252720, 305028, 356998, 406011, 463373, 508013],
	"average_active_power": [16.0, 20.7, 23.5, 25.9, 29.1, 32.3, 37.6, 44.0, 51.3, 60.3, 63.9],
	"perf_to_power": [0, 2434, 4304, 5905, 6969, 7819, 8104, 8107, 7909, 7687, 7947],
	"min_ambient_temp": [21.1, 21.1, 21.2, 21.4, 21.4, 21.2, 21.1, 21.1, 21.2, 21.5, 21.4]
}
