{
	"_comment": "https://www.spec.org/power_ssj2008/results/res2017q2/power_ssj2008-20170315-00744.txt",
	"server_name": "Fujitsu_Server_PRIMERGY_RX1330_M3",
	"server_alias": "RX1330M3",
	"processor_name": "Intel Xeon E3-1230 v6",
	"chips": 1,
	"hardware_cores": 4,
	"hardware_threads": 8,
	"cpu_speed": 3500.0,
	"ram": 16.0,
	"network_speed": 1000.0,
	"cpu_arch": 64,
	"overall_perf_to_power": 9281.0,
	"actual_load": [0, 10.1, 20.0, 30.1, 39.9, 49.9, 60.0, 70.3, 80.0, 89.6, 99.6],
	"ssj_ops": [0, 59428, 118070, 177117, 235319, 294232, 353701, 414492, 471368, 527938, 586973],
	"average_active_power": [13.1, 17.5, 20.5, 23.0, 25.4, 28.2, 31.9, 37.3, 44.5, 51.5, 56.1],
	"perf_to_power": [0, 3400, 5751, 7695, 9283, 10444, 11087, 11120, 10592, 10244, 10471],
	"min_ambient_temp": [20.8, 20.8, 20.8, 20.8, 20.8, 20.9, 20.9, 20.9, 20.9, 20.9, 20.9]
}
