{
	"_comment": "https://www.spec.org/power_ssj2008/results/res2016q1/power_ssj2008-20151214-00707.txt",
	"server_name": "Fujitsu_Server_PRIMERGY_TX1330_M2",
	"server_alias": "TX1330M2",
	"processor_name": "Intel Xeon E3-1240L v5",
	"chips": 1,
	"hardware_cores": 4,
	"hardware_threads": 8,
	"cpu_speed": 2100.0,
	"ram": 16.0,
	"network_speed": 1000.0,
	"cpu_arch": 64,
	"overall_perf_to_power": 8187.0,
	"actual_load": [0, 10.0, 20.0, 30.0, 39.5, 50.0, 59.8, 69.9, 79.8, 89.9, 99.9],
	"ssj_ops": [0, 48224, 96975, 145498, 191117, 242418, 289910, 338638, 386466, 435666, 484122],
	"average_active_power": [16.1, 19.3, 20.6, 22.3, 24.2, 27.0, 30.5, 34.7, 39.2, 43.9, 47.2],
	"perf_to_power": [0, 2503, 4718, 6516, 7912, 8994, 9513, 9753, 9856, 9929, 10267],
	"min_ambient_temp": [21.5, 21.9, 22.9, 22.7, 22.4, 22.1, 21.6, 21.5, 21.9, 22.8, 22.6]
}
