{
	"_comment": "https://www.spec.org/power_ssj2008/results/res2015q4/power_ssj2008-20151110-00704.txt",
	"server_name": "Fujitsu_Server_PRIMERGY_TX1320_M2",
	"server_alias": "TX1320M2",
	"processor_name": "Intel Xeon E3-1260L v5",
	"chips": 1,
	"hardware_cores": 4,
	"hardware_threads": 8,
	"cpu_speed": 2900.0,
	"ram": 16.0,
	"network_speed": 1000.0,
	"cpu_arch": 64,
	"overall_perf_to_power": 8944.0,
	"actual_load": [0, 10.1, 19.9, 30.1, 40.0, 50.0, 60.6, 69.9, 80.4, 90.0, 100.2],
	"ssj_ops": [0, 48106, 94862, 143580, 191219, 238762, 289162, 333825, 383866, 429767, 478512],
	"average_active_power": [11.6, 16.0, 18.4, 20.4, 22.6, 25.0, 28.1, 31.4, 35.8, 40.2, 44.7],
	"perf_to_power": [0, 3002, 5163, 7032, 8458, 9536, 10303, 10622, 10722, 10692, 10713],
	"min_ambient_temp": [22.3, 22.0, 21.6, 21.5, 21.9, 22.3, 22.2, 22.1, 21.9, 21.6, 21.4]
}
