{
	"_comment": "https://www.spec.org/power_ssj2008/results/res2017q3/power_ssj2008-20170807-00775.txt",
	"server_name": "Inspur_Corporation_NF5280_M4",
	"server_alias": "NF5280M4",
	"processor_name": "Intel Xeon E5-2699 v4",
	"chips": 2,
	"hardware_cores": 44,
	"hardware_threads": 88,
	"cpu_speed": 2200.0,
	"ram": 128.0,
	"network_speed": 1000.0,
	"cpu_arch": 64,
	"overall_perf_to_power": 12296.0,
	"actual_load": [0, 10.0, 20.0, 29.9, 40.0, 49.9, 59.9, 70.1, 80.1, 89.9, 99.7],
	"ssj_ops": [0, 357111, 713846, 1068982, 1427593, 1783222, 2138538, 2504652, 2859402, 3210954, 3561599],
	"average_active_power": [45.7, 82.1, 97.5, 113.0, 130.0, 144.0, 156.0, 171.0, 191.0, 221.0, 245.0],
	"perf_to_power": [0, 4349, 7325, 9483, 10988, 12362, 13676, 14637, 14951, 14551, 14567],
	"min_ambient_temp": [20.7, 20.7, 20.9, 21.0, 21.1, 21.1, 21.1, 21.1, 21.0, 20.8, 20.7]
}
