{
	"_comment": "https://www.spec.org/power_ssj2008/results/res2015q2/power_ssj2008-20150317-00691.txt",
	"server_name": "Dell_Inc_PowerEdge_R630",
	"server_alias": "R630",
	"processor_name": "Intel Xeon E5-2699 v3",
	"chips": 2,
	"hardware_cores": 36,
	"hardware_threads": 72,
	"cpu_speed": 2300.0,
	"ram": 64.0,
	"network_speed": 1000.0,
	"cpu_arch": 64,
	"overall_perf_to_power": 9749.0,
	"actual_load": [0, 10.0, 20.0, 30.0, 40.0, 49.9, 60.2, 69.9, 80.2, 91.0, 100.1],
	"ssj_ops": [0, 324418, 648195, 970456, 1294673, 1615345, 1947214, 2261881, 2594563, 2946465, 3240418],
	"average_active_power": [51.2, 93.4, 111.0, 129.0, 146.0, 162.0, 176.0, 197.0, 223.0, 255.0, 287.0],
	"perf_to_power": [0 , 3473, 5830, 7528, 8889, 10000, 11033, 11505, 11623, 11560, 11284],
	"min_ambient_temp": [20.2, 20.2, 20.4, 20.4, 20.7, 20.6, 20.8, 20.8, 20.9, 20.8, 20.8]
}
