{
	"_comment": "https://www.spec.org/power_ssj2008/results/res2017q3/power_ssj2008-20170829-00780.txt",
	"server_name": "Dell_Inc_PowerEdge_R740",
	"server_alias": "R740",
	"processor_name": "Intel Xeon E5620",
	"chips": 2,
	"hardware_cores": 56,
	"hardware_threads": 112,
	"cpu_speed": 2500.0,
	"ram": 192.0,
	"network_speed": 1000.0,
	"cpu_arch": 64,
	"overall_perf_to_power": 11790.0,
	"actual_load": [0, 10.0, 19.9, 30.0, 40.1, 50.1, 59.9, 70.0, 80.1, 90.0, 99.9],
	"ssj_ops": [0, 573385, 1142864, 1721411, 2297407, 2870902, 3436701, 4014137, 4590909, 5158830, 5727798],
	"average_active_power": [52.3, 129.0, 147.0, 170.0, 195.0, 224.0, 255.0, 292.0, 344.0, 408.0, 457.0],
	"perf_to_power": [0, 4447, 7770, 10105, 11753, 12797, 13487, 13736, 13337, 12637, 12541],
	"min_ambient_temp": [20.4, 20.4, 20.6, 20.8, 20.8, 20.9, 21.1, 21.2, 21.4, 21.9, 22.0]
}
