{
	"_comment": "https://www.spec.org/power_ssj2008/results/res2016q2/power_ssj2008-20160509-00729.txt",
	"server_name": "QuantaGrid_S31A_1U",
	"server_alias": "S31A1U",
	"processor_name": "Intel E3-1260L v5",
	"chips": 1,
	"hardware_cores": 4,
	"hardware_threads": 8,
	"cpu_speed": 2200.0,
	"ram": 16.0,
	"network_speed": 1000.0,
	"cpu_arch": 64,
	"overall_perf_to_power": 7908.0,
	"actual_load": [0, 9.9, 19.9, 29.9, 40.1, 50.0, 59.7, 69.9, 80.4, 89.9, 99.5],
	"ssj_ops": [0, 47303, 94822, 142793, 191599, 238443, 285081, 333845, 383647, 429153, 474667],
	"average_active_power": [14.4, 18.0, 20.4, 22.7, 26.1, 28.9, 32.1, 36.0, 40.4, 44.6, 47.9],
	"perf_to_power": [0, 2631, 4651, 6279, 7345, 8262, 8872, 9273, 9488, 9626, 9914],
	"min_ambient_temp": [25.1, 25.1, 25.1, 25.1, 25.1, 25.1, 25.0, 25.0, 25.0, 25.0, 25.0]
}
