{
	"cloud_name": "cloud_large",
	"cloud_size": "LARGE",
	"inventory": [
		{
			"server_name": "Fujitsu_Server_PRIMERGY_TX1320_M2",
			"total_quantity": 10,
			"num_available": 1
		},
		{
			"server_name": "Fujitsu_Server_PRIMERGY_RX1330_M1",
			"total_quantity": 10,
			"num_available": 1
		},
		{
			"server_name": "Fujitsu_Server_PRIMERGY_TX1330_M2",
			"total_quantity": 10,
			"num_available": 1
		},
		{
			"server_name": "Fujitsu_Server_PRIMERGY_RX1330_M3",
			"total_quantity": 10,
			"num_available": 1
		},
		{
			"server_name": "QuantaGrid_S31A_1U",
			"total_quantity": 10,
			"num_available": 1
		},
		{
			"server_name": "Inspur_Corporation_NF5280_M4",
			"total_quantity": 10,
			"num_available": 1
		},
		{
			"server_name": "Dell_Inc_PowerEdge_R630",
			"total_quantity": 10,
			"num_available": 1
		},
		{
			"server_name": "Dell_Inc_PowerEdge_R740",
			"total_quantity": 10,
			"num_available": 0
		}
	],
	"delays": [
		{
			"cloud_name": "cloud_medium",
			"delay": "75"
		},
		{
			"cloud_name": "cloud_small",
			"delay": "150"
		},
		{
			"cloud_name": "cloud_edge",
			"delay": "225"
		},
	]
}
