{
	"cloud_name": "cloud_small",
	"cloud_size": "SMALL",
	"inventory": [
		{
			"server_name": "Fujitsu_Server_PRIMERGY_TX1320_M2",
			"total_quantity": 3,
			"num_available": 2
		},
		{
			"server_name": "Fujitsu_Server_PRIMERGY_RX1330_M1",
			"total_quantity": 3,
			"num_available": 1
		},
		{
			"server_name": "Fujitsu_Server_PRIMERGY_TX1330_M2",
			"total_quantity": 3,
			"num_available": 1
		},
		{
			"server_name": "Fujitsu_Server_PRIMERGY_RX1330_M3",
			"total_quantity": 3,
			"num_available": 1
		}
	],
	"delays": [
		{
			"cloud_name": "cloud_large",
			"delay": "150"
		},
		{
			"cloud_name": "cloud_medium",
			"delay": "75"
		},
		{
			"cloud_name": "cloud_edge",
			"delay": "75"
		},
	]
}
